{
  "clients": 511,
  "high": 0,
  "industries": 14,
  "total_loan": 205343012.64,
  "total_net": 29964223.77000001,
  "series_loan": [
    28450196.29999999,
    45536723.39,
    38748950.529999994,
    6729918.720000001,
    8524081.270000001,
    12274621.400000002,
    7603725.710000001,
    0.0,
    5919301.099999999,
    17215074.3,
    14374833.360000001,
    381331.1
  ],
  "series_net": [
    11338.991039603956,
    104843.09729729728,
    64698.074047619055,
    66022.6913888889,
    36054.64766666667,
    75021.53647058824,
    162698.6405882353,
    118699.39699999997,
    23199.388750000002,
    84209.93428571429,
    134317.8383333333,
    20311.22
  ],
  "industry_low": [
    202,
    111,
    42,
    36,
    30,
    17,
    17
  ],
  "industry_high": [
    0,
    0,
    0,
    0,
    0,
    0,
    0
  ],
  "industry_names": [
    "Household Use",
    "Trading (Wholesale and Retail), Repair of Motor Vehicle and Motorcycle",
    "Real Estate Activities",
    "Transportation and Storage",
    "Agriculture, Forestry and Fishing",
    "Accomodation and Food Services",
    "Others Service Activities"
  ],
  "at_risk_names": [],
  "top_sector": "Other",
  "high_rows": []
}